Feature,Importance
HomeTeam_Form,0.306166
AwayTeam_Form,0.24651784
RollingAvg_FTAG,0.04138975
HC,0.040033817
AS,0.037039965
RollingAvg_FTHG,0.03664959
AC,0.03659164
HF,0.034301933
RollingAvg_TotalCorners,0.03167775
HS,0.029964304
RollingAvg_TotalShots,0.029599614
AF,0.029307296
AwayTeam,0.027818117
RollingAvg_AwayAST,0.025705269
HomeTeam,0.02431157
RollingAvg_HomeHST,0.022925576
