Feature,Importance
HomeTeam_Form,0.26744634
AwayTeam_Form,0.26277217
RollingAvg_FTAG,0.048918214
RollingAvg_FTHG,0.04581558
AS,0.04155472
HS,0.04048781
RollingAvg_AwayAST,0.040204838
AF,0.03464127
RollingAvg_TotalShots,0.03156455
AC,0.03077479
RollingAvg_TotalCorners,0.028185219
RollingAvg_HomeHST,0.027762054
HC,0.027640354
AwayTeam,0.027593136
HomeTeam,0.024860831
HF,0.01977811
