Feature,Importance
HomeTeam_Form,0.29969755
AwayTeam_Form,0.24808809
RollingAvg_FTAG,0.057496585
HS,0.04835256
AS,0.040551227
RollingAvg_FTHG,0.035261996
AC,0.033246104
AF,0.033175565
HomeTeam,0.030081041
RollingAvg_TotalShots,0.029507238
AwayTeam,0.02886424
HF,0.026157076
RollingAvg_HomeHST,0.02590867
RollingAvg_AwayAST,0.0254489
RollingAvg_TotalCorners,0.019184502
HC,0.018978698
