Feature,Importance
HomeTeam_Form,0.27931243
AwayTeam_Form,0.2388502
RollingAvg_FTAG,0.05232616
HS,0.046810508
AF,0.04170673
AS,0.040176105
RollingAvg_FTHG,0.03857543
HF,0.034167454
HomeTeam,0.0330275
RollingAvg_AwayAST,0.031757336
RollingAvg_TotalShots,0.030152287
AC,0.029674502
AwayTeam,0.029206375
RollingAvg_TotalCorners,0.025619913
RollingAvg_HomeHST,0.02519984
HC,0.02343726
