Feature,Importance
HomeTeam_Form,0.2988452
AwayTeam_Form,0.2634424
RollingAvg_FTAG,0.05061524
HS,0.047123197
AS,0.036221813
RollingAvg_AwayAST,0.032744847
RollingAvg_FTHG,0.03146673
HF,0.030757824
AF,0.02921499
AC,0.027316974
HomeTeam,0.027069872
RollingAvg_TotalShots,0.0267998
AwayTeam,0.026562663
RollingAvg_HomeHST,0.026239187
RollingAvg_TotalCorners,0.02364085
HC,0.021938425
