Feature,Importance
HomeTeam_Form,0.2561858
AwayTeam_Form,0.2551713
RollingAvg_FTAG,0.05446808
RollingAvg_FTHG,0.054314937
AS,0.043891203
HS,0.03882094
RollingAvg_TotalCorners,0.03703099
AwayTeam,0.035140872
RollingAvg_TotalShots,0.034839634
RollingAvg_HomeHST,0.032522347
AC,0.031117555
RollingAvg_AwayAST,0.027425116
HF,0.025320714
HC,0.025032427
HomeTeam,0.024619253
AF,0.024098832
