Feature,Importance
AwayTeam_Form,0.26206547
HomeTeam_Form,0.25784272
RollingAvg_FTAG,0.05588432
RollingAvg_FTHG,0.05389617
RollingAvg_TotalShots,0.04140593
AS,0.041369926
RollingAvg_AwayAST,0.040314503
RollingAvg_HomeHST,0.0324719
HomeTeam,0.03128423
HS,0.030054385
AF,0.030044755
RollingAvg_TotalCorners,0.027784321
AC,0.02610119
HF,0.024759054
AwayTeam,0.022803525
HC,0.021917569
