Feature,Importance
AwayTeam_Form,0.25847772
HomeTeam_Form,0.21811652
RollingAvg_FTHG,0.055998858
RollingAvg_FTAG,0.053506114
RollingAvg_TotalCorners,0.045101568
AS,0.043032147
RollingAvg_TotalShots,0.039539155
RollingAvg_HomeHST,0.038695484
RollingAvg_AwayAST,0.034947153
AF,0.033513375
HC,0.03219241
AC,0.032026038
HF,0.03157343
HomeTeam,0.03137235
HS,0.02725912
AwayTeam,0.024648622
