Feature,Importance
AwayTeam_Form,0.27464864
HomeTeam_Form,0.24263223
RollingAvg_FTHG,0.054635044
RollingAvg_FTAG,0.05261018
AS,0.039186604
RollingAvg_HomeHST,0.0377719
RollingAvg_AwayAST,0.03728783
HomeTeam,0.03600271
RollingAvg_TotalCorners,0.03576665
RollingAvg_TotalShots,0.03231311
HC,0.030814398
AF,0.028816327
HF,0.028428013
AC,0.02645026
HS,0.02230963
AwayTeam,0.020326557
